{
    "1.3.1": {
        "versions": {
            "setup": "1.3.2",
            "files": "1.3.1"
        },
        "revisions": {
            "svn": "2297"
        }
    },
    "1.3.0": {
        "versions": {
            "setup": "1.3.2",
            "files": "1.3.0"
        },
        "revisions": {
            "svn": "2257"
        }
    },
    "1.2.1": {
        "versions": {
            "setup": "1.3.1",
            "files": "1.2.1"
        },
        "revisions": {
            "svn": "1821"
        }
    },
    "1.2.0": {
        "versions": {
            "setup": "1.3.0",
            "files": "1.2.0"
        },
        "revisions": {
            "svn": "1731"
        }
    },
    "1.1.3": {
        "versions": {
            "setup": "1.2.0",
            "files": "1.1.3"
        },
        "revisions": {
            "svn": "1627"
        }
    },
    "1.1.2": {
        "versions": {
            "setup": "1.1.0",
            "files": "1.1.2"
        },
        "revisions": {
            "svn": "1200"
        }
    },
    "1.1.1": {
        "versions": {
            "setup": "1.1.0",
            "files": "1.1.1"
        },
        "revisions": {
            "svn": "1199"
        }
    },
    "1.1.0": {
        "versions": {
            "setup": "1.1.0",
            "files": "1.1.0"
        },
        "revisions": {
            "svn": "1171"
        }
    },
    "1.0.0": {
        "versions": {
            "setup": "1.0.0",
            "files": "1.0.0"
        },
        "revisions": {
            "svn": "752"
        }
    }
}